{
  "LogReg": [
    0.9994758192008605,
    1.0
  ],
  "RF_cal": [
    0.9906698436923322,
    0.9985608020450115
  ],
  "XGB_cal": [
    0.9936311044564226,
    0.9993669032977661
  ]
}